
////////Adresse /////
INSERT INTO adresse (ADRESSE_ID, NUM_RUE, NOM_RUE, VILLE, CODE_POSTAL) VALUES (1, 10, 'Rue de la Paix', 'Paris', '75001');
INSERT INTO adresse (ADRESSE_ID, NUM_RUE, NOM_RUE, VILLE, CODE_POSTAL) VALUES (2, 20, 'Avenue des Champs-Élysées', 'Paris', '75008');
INSERT INTO adresse (ADRESSE_ID, NUM_RUE, NOM_RUE, VILLE, CODE_POSTAL) VALUES (3, 30, 'Boulevard Saint-Germain', 'Paris', '75007');
INSERT INTO adresse (ADRESSE_ID, NUM_RUE, NOM_RUE, VILLE, CODE_POSTAL) VALUES (4, 40, 'Rue du Faubourg Saint-Honoré', 'Paris', '75008');
INSERT INTO adresse (ADRESSE_ID, NUM_RUE, NOM_RUE, VILLE, CODE_POSTAL) VALUES (5, 50, 'Rue de Rivoli', 'Paris', '75004');

/// categorie
INSERT INTO CATEGORIE (CATEGORIE_ID, NOM_CATEGORIE) VALUES (1, 'Electronique');
INSERT INTO CATEGORIE (CATEGORIE_ID, NOM_CATEGORIE) VALUES (2, 'Vêtements');
INSERT INTO CATEGORIE (CATEGORIE_ID, NOM_CATEGORIE) VALUES (3, 'Mobilier');
INSERT INTO CATEGORIE (CATEGORIE_ID, NOM_CATEGORIE) VALUES (4, 'Livres');
INSERT INTO CATEGORIE (CATEGORIE_ID, NOM_CATEGORIE) VALUES (5, 'Alimentation');

////client//
INSERT INTO CLIENT (CLIENT_ID, NOM_CLI, PRENOM_CLI, FIDELITE, ADRESSE_ID) VALUES (1, 'Doe', 'John', true, 1);
INSERT INTO CLIENT (CLIENT_ID, NOM_CLI, PRENOM_CLI, FIDELITE, ADRESSE_ID) VALUES (2, 'Smith', 'Alice', false, 2);
INSERT INTO CLIENT (CLIENT_ID, NOM_CLI, PRENOM_CLI, FIDELITE, ADRESSE_ID) VALUES (3, 'Johnson', 'Michael', true, 3);
INSERT INTO CLIENT (CLIENT_ID, NOM_CLI, PRENOM_CLI, FIDELITE, ADRESSE_ID) VALUES (4, 'Brown', 'Emily', false, 4);
INSERT INTO CLIENT (CLIENT_ID, NOM_CLI, PRENOM_CLI, FIDELITE, ADRESSE_ID) VALUES (5, 'Garcia', 'Sophia', true, 5);


/// commande_client//
INSERT INTO COMMANDE_CLIENT (COMM_CLIENT_ID, TYPE_COMMANDE, CLIENT_ID) VALUES (1, 'commande', 1);
INSERT INTO COMMANDE_CLIENT (COMM_CLIENT_ID, TYPE_COMMANDE, CLIENT_ID) VALUES (2, 'commande', 2);
INSERT INTO COMMANDE_CLIENT (COMM_CLIENT_ID, TYPE_COMMANDE, CLIENT_ID) VALUES (3, 'retour', 3);
INSERT INTO COMMANDE_CLIENT (COMM_CLIENT_ID, TYPE_COMMANDE, CLIENT_ID) VALUES (4, 'commande', 4);
INSERT INTO COMMANDE_CLIENT (COMM_CLIENT_ID, TYPE_COMMANDE, CLIENT_ID) VALUES (5, 'retour', 5);


/// commande_fourni///
INSERT INTO COMMANDE_FOURNISSEUR (COMM_FOURN_ID, TYPE_COMMANDE, FOURNISSEUR_ID) VALUES (1, 'commande', 1);
INSERT INTO COMMANDE_FOURNISSEUR (COMM_FOURN_ID, TYPE_COMMANDE, FOURNISSEUR_ID) VALUES (2, 'commande', 2);
INSERT INTO COMMANDE_FOURNISSEUR (COMM_FOURN_ID, TYPE_COMMANDE, FOURNISSEUR_ID) VALUES (3, 'retour', 3);
INSERT INTO COMMANDE_FOURNISSEUR (COMM_FOURN_ID, TYPE_COMMANDE, FOURNISSEUR_ID) VALUES (4, 'commande', 4);
INSERT INTO COMMANDE_FOURNISSEUR (COMM_FOURN_ID, TYPE_COMMANDE, FOURNISSEUR_ID) VALUES (5, 'retour', 5);


///commande ///
INSERT INTO COMMANDE (COMMANDE_ID, DATE_COMMANDE, EMPLOYE_ID) VALUES (1, '2024-05-07', 1);
INSERT INTO COMMANDE (COMMANDE_ID, DATE_COMMANDE, EMPLOYE_ID) VALUES (2, '2024-05-08', 2);
INSERT INTO COMMANDE (COMMANDE_ID, DATE_COMMANDE, EMPLOYE_ID) VALUES (3, '2024-05-09', 3);
INSERT INTO COMMANDE (COMMANDE_ID, DATE_COMMANDE, EMPLOYE_ID) VALUES (4, '2024-05-10', 4);
INSERT INTO COMMANDE (COMMANDE_ID, DATE_COMMANDE, EMPLOYE_ID) VALUES (5, '2024-05-11', 5);


/// emplacement///
INSERT INTO EMPLACEMENT (EMPLACEMENT_ID, NOM_EMPLACEMENT, DESC_EMPLACEMENT) VALUES (1, 'Salle 1', 'Premier étage');
INSERT INTO EMPLACEMENT (EMPLACEMENT_ID, NOM_EMPLACEMENT, DESC_EMPLACEMENT) VALUES (2, 'Salle 2', 'Deuxième étage');
INSERT INTO EMPLACEMENT (EMPLACEMENT_ID, NOM_EMPLACEMENT, DESC_EMPLACEMENT) VALUES (3, 'Entrepôt 1', 'Zone de stockage principale');
INSERT INTO EMPLACEMENT (EMPLACEMENT_ID, NOM_EMPLACEMENT, DESC_EMPLACEMENT) VALUES (4, 'Bureau 1', 'Bureau administratif');
INSERT INTO EMPLACEMENT (EMPLACEMENT_ID, NOM_EMPLACEMENT, DESC_EMPLACEMENT) VALUES (5, 'Salle 3', 'Troisième étage');


///employe///
INSERT INTO EMPLOYE (EMPLOYE_ID, POSTE, ADRESSE_ID) VALUES (1, 'Manager', 1);
INSERT INTO EMPLOYE (EMPLOYE_ID, POSTE, ADRESSE_ID) VALUES (2, 'Vendeur', 2);
INSERT INTO EMPLOYE (EMPLOYE_ID, POSTE, ADRESSE_ID) VALUES (3, 'Comptable', 3);
INSERT INTO EMPLOYE (EMPLOYE_ID, POSTE, ADRESSE_ID) VALUES (4, 'Assistant', 4);
INSERT INTO EMPLOYE (EMPLOYE_ID, POSTE, ADRESSE_ID) VALUES (5, 'Réceptionniste', 5);


///facture//
INSERT INTO FACTURE (FACTURE_ID, MONTANT, DATE_FACTURE, NOM_MAGASIN, CLIENT_ID) VALUES (1, 100.00, '2024-05-01', 'Magasin A', 1);
INSERT INTO FACTURE (FACTURE_ID, MONTANT, DATE_FACTURE, NOM_MAGASIN, CLIENT_ID) VALUES (2, 150.50, '2024-05-02', 'Magasin B', 2);
INSERT INTO FACTURE (FACTURE_ID, MONTANT, DATE_FACTURE, NOM_MAGASIN, CLIENT_ID) VALUES (3, 200.00, '2024-05-03', 'Magasin C', 3);
INSERT INTO FACTURE (FACTURE_ID, MONTANT, DATE_FACTURE, NOM_MAGASIN, CLIENT_ID) VALUES (4, 75.25, '2024-05-04', 'Magasin D', 4);
INSERT INTO FACTURE (FACTURE_ID, MONTANT, DATE_FACTURE, NOM_MAGASIN, CLIENT_ID) VALUES (5, 120.75, '2024-05-05', 'Magasin E', 5);


/// fournisseur///
INSERT INTO FOURNISSEUR (FOURNISSEUR_ID, NOM_FOURNISSEUR, TELEPHONE, ADRESSE_ID) VALUES (1, 'Fournisseur A', '123456789', 1);
INSERT INTO FOURNISSEUR (FOURNISSEUR_ID, NOM_FOURNISSEUR, TELEPHONE, ADRESSE_ID) VALUES (2, 'Fournisseur B', '987654321', 2);
INSERT INTO FOURNISSEUR (FOURNISSEUR_ID, NOM_FOURNISSEUR, TELEPHONE, ADRESSE_ID) VALUES (3, 'Fournisseur C', '654987321', 3);
INSERT INTO FOURNISSEUR (FOURNISSEUR_ID, NOM_FOURNISSEUR, TELEPHONE, ADRESSE_ID) VALUES (4, 'Fournisseur D', '789456123', 4);
INSERT INTO FOURNISSEUR (FOURNISSEUR_ID, NOM_FOURNISSEUR, TELEPHONE, ADRESSE_ID) VALUES (5, 'Fournisseur E', '321654987', 5);

//iventaire_produit//
INSERT INTO INVENTAIRE_PRODUIT (INVENTAIRE_ID, EMPLOYE_ID, PRODUIT_ID, QUANTITE_OBSERVEE, DATE_INV) VALUES (1, 1, 1, 100, '2024-05-01');
INSERT INTO INVENTAIRE_PRODUIT (INVENTAIRE_ID, EMPLOYE_ID, PRODUIT_ID, QUANTITE_OBSERVEE, DATE_INV) VALUES (2, 2, 2, 200, '2024-05-02');
INSERT INTO INVENTAIRE_PRODUIT (INVENTAIRE_ID, EMPLOYE_ID, PRODUIT_ID, QUANTITE_OBSERVEE, DATE_INV) VALUES (3, 3, 3, 150, '2024-05-03');
INSERT INTO INVENTAIRE_PRODUIT (INVENTAIRE_ID, EMPLOYE_ID, PRODUIT_ID, QUANTITE_OBSERVEE, DATE_INV) VALUES (4, 4, 4, 180, '2024-05-04');
INSERT INTO INVENTAIRE_PRODUIT (INVENTAIRE_ID, EMPLOYE_ID, PRODUIT_ID, QUANTITE_OBSERVEE, DATE_INV) VALUES (5, 5, 5, 120, '2024-05-05');

//ligne_commande//
INSERT INTO ligne_commande (PRODUIT_ID, COMMANDE_ID, QUANTITE) VALUES (1, 1, 5);
INSERT INTO ligne_commande (PRODUIT_ID, COMMANDE_ID, QUANTITE) VALUES (2, 2, 10);
INSERT INTO ligne_commande (PRODUIT_ID, COMMANDE_ID, QUANTITE) VALUES (3, 3, 8);
INSERT INTO ligne_commande (PRODUIT_ID, COMMANDE_ID, QUANTITE) VALUES (4, 4, 3);
INSERT INTO ligne_commande (PRODUIT_ID, COMMANDE_ID, QUANTITE) VALUES (5, 5, 6);

//livraison//
INSERT INTO LIVRAISON (LIVRAISON_ID, DATE_LIVRAISON, EMPLOYE_ID) VALUES (1, '2024-05-01', 1);
INSERT INTO LIVRAISON (LIVRAISON_ID, DATE_LIVRAISON, EMPLOYE_ID) VALUES (2, '2024-05-02', 2);
INSERT INTO LIVRAISON (LIVRAISON_ID, DATE_LIVRAISON, EMPLOYE_ID) VALUES (3, '2024-05-03', 3);
INSERT INTO LIVRAISON (LIVRAISON_ID, DATE_LIVRAISON, EMPLOYE_ID) VALUES (4, '2024-05-04', 4);
INSERT INTO LIVRAISON (LIVRAISON_ID, DATE_LIVRAISON, EMPLOYE_ID) VALUES (5, '2024-05-05', 5);

//lot_produit///
INSERT INTO LOT_PRODUITS (LOT_ID, QUANTITE, PRIX_LOT, CB_LOT) VALUES (1, 50, 100.00, 123456789);
INSERT INTO LOT_PRODUITS (LOT_ID, QUANTITE, PRIX_LOT, CB_LOT) VALUES (2, 100, 150.50, 987654321);
INSERT INTO LOT_PRODUITS (LOT_ID, QUANTITE, PRIX_LOT, CB_LOT) VALUES (3, 75, 200.00, 654987321);
INSERT INTO LOT_PRODUITS (LOT_ID, QUANTITE, PRIX_LOT, CB_LOT) VALUES (4, 80, 75.25, 789456123);
INSERT INTO LOT_PRODUITS (LOT_ID, QUANTITE, PRIX_LOT, CB_LOT) VALUES (5, 120, 120.75, 321654987);

//lot_vendu///
INSERT INTO LOT_VENDU (LOT_ID, VENTE_ID, QTE_LOT) VALUES (1, 1, 10);
INSERT INTO LOT_VENDU (LOT_ID, VENTE_ID, QTE_LOT) VALUES (2, 2, 15);
INSERT INTO LOT_VENDU (LOT_ID, VENTE_ID, QTE_LOT) VALUES (3, 3, 20);
INSERT INTO LOT_VENDU (LOT_ID, VENTE_ID, QTE_LOT) VALUES (4, 4, 8);
INSERT INTO LOT_VENDU (LOT_ID, VENTE_ID, QTE_LOT) VALUES (5, 5, 12);

// produit_livre//
INSERT INTO PRODUIT_LIVRE (PRODUIT_ID, LIVRAISON_ID) VALUES (1, 1);
INSERT INTO PRODUIT_LIVRE (PRODUIT_ID, LIVRAISON_ID) VALUES (2, 2);
INSERT INTO PRODUIT_LIVRE (PRODUIT_ID, LIVRAISON_ID) VALUES (3, 3);
INSERT INTO PRODUIT_LIVRE (PRODUIT_ID, LIVRAISON_ID) VALUES (4, 4);
INSERT INTO PRODUIT_LIVRE (PRODUIT_ID, LIVRAISON_ID) VALUES (5, 5);

///produit_vendu//
INSERT INTO PRODUIT_VENDU (PRODUIT_ID, VENTE_ID, QUANTITE) VALUES (1, 1, 10);
INSERT INTO PRODUIT_VENDU (PRODUIT_ID, VENTE_ID, QUANTITE) VALUES (2, 2, 15);
INSERT INTO PRODUIT_VENDU (PRODUIT_ID, VENTE_ID, QUANTITE) VALUES (3, 3, 20);
INSERT INTO PRODUIT_VENDU (PRODUIT_ID, VENTE_ID, QUANTITE) VALUES (4, 4, 8);
INSERT INTO PRODUIT_VENDU (PRODUIT_ID, VENTE_ID, QUANTITE) VALUES (5, 5, 12);

///produit//
INSERT INTO PRODUIT (PRODUIT_ID, NOM, DESCR, PRIX_UNIT, POIDS, DIMENSIONS, MAGASIN_ENTREPOT, CODE_BARRE_PRODUIT, CATEGORIE_ID, EMPLACEMENT_ID, FOURNISSEUR_ID) VALUES (1, 'Ordinateur portable', 'Ordinateur portable haut de gamme', 1500.00, '2 kg', '30x20x2 cm', 'Magasin 1', 1234567890123, 1, 1, 1);
INSERT INTO PRODUIT (PRODUIT_ID, NOM, DESCR, PRIX_UNIT, POIDS, DIMENSIONS, MAGASIN_ENTREPOT, CODE_BARRE_PRODUIT, CATEGORIE_ID, EMPLACEMENT_ID, FOURNISSEUR_ID) VALUES (2, 'Smartphone', 'Smartphone dernière génération', 800.00, '0.2 kg', '15x7x0.5 cm', 'Magasin 2', 9876543210987, 2, 2, 2);
INSERT INTO PRODUIT (PRODUIT_ID, NOM, DESCR, PRIX_UNIT, POIDS, DIMENSIONS, MAGASIN_ENTREPOT, CODE_BARRE_PRODUIT, CATEGORIE_ID, EMPLACEMENT_ID, FOURNISSEUR_ID) VALUES (3, 'Tablette', 'Tablette performante avec grand écran', 600.00, '0.5 kg', '20x15x1 cm', 'Magasin 3', 6549873210456, 3, 3, 3);
INSERT INTO PRODUIT (PRODUIT_ID, NOM, DESCR, PRIX_UNIT, POIDS, DIMENSIONS, MAGASIN_ENTREPOT, CODE_BARRE_PRODUIT, CATEGORIE_ID, EMPLACEMENT_ID, FOURNISSEUR_ID) VALUES (4, 'Casque audio', 'Casque audio sans fil de qualité', 200.00, '0.3 kg', '25x20x10 cm', 'Magasin 4', 7894561230789, 4, 4, 4);
INSERT INTO PRODUIT (PRODUIT_ID, NOM, DESCR, PRIX_UNIT, POIDS, DIMENSIONS, MAGASIN_ENTREPOT, CODE_BARRE_PRODUIT, CATEGORIE_ID, EMPLACEMENT_ID, FOURNISSEUR_ID) VALUES (5, 'Enceinte Bluetooth', 'Enceinte portable avec une excellente qualité sonore', 150.00, '1 kg', '15x15x10 cm', 'Magasin 5', 3216549870321, 5, 5, 5);

//users///
INSERT INTO USERS (USER_ID, USERNAME, NAME_USER, FIRST_NAME, USER_MAIL, USER_PASS, USER_TEL, USER_DATE_NAISS) VALUES (1, 'johndoe', 'Doe', 'John', 'john@example.com', 'password123', 1234567890, '1990-01-01');
INSERT INTO USERS (USER_ID, USERNAME, NAME_USER, FIRST_NAME, USER_MAIL, USER_PASS, USER_TEL, USER_DATE_NAISS) VALUES (2, 'janedoe', 'Doe', 'Jane', 'jane@example.com', 'password456', 9876543210, '1995-05-05');
INSERT INTO USERS (USER_ID, USERNAME, NAME_USER, FIRST_NAME, USER_MAIL, USER_PASS, USER_TEL, USER_DATE_NAISS) VALUES (3, 'bobsmith', 'Smith', 'Bob', 'bob@example.com', 'password789', 5555555555, '1988-10-10');
INSERT INTO USERS (USER_ID, USERNAME, NAME_USER, FIRST_NAME, USER_MAIL, USER_PASS, USER_TEL, USER_DATE_NAISS) VALUES (4, 'alicejohnson', 'Johnson', 'Alice', 'alice@example.com', 'passwordabc', 4444444444, '1975-12-25');
INSERT INTO USERS (USER_ID, USERNAME, NAME_USER, FIRST_NAME, USER_MAIL, USER_PASS, USER_TEL, USER_DATE_NAISS) VALUES (5, 'kevindavis', 'Davis', 'Kevin', 'kevin@example.com', 'passwordxyz', 3333333333, '1998-03-15');

///vente///
INSERT INTO VENTE (VENTE_ID, DATE_VENTE, EMPLOYE_ID, FACTURE_ID) VALUES (1, '2024-05-01', 1, 1);
INSERT INTO VENTE (VENTE_ID, DATE_VENTE, EMPLOYE_ID, FACTURE_ID) VALUES (2, '2024-05-02', 2, 2);
INSERT INTO VENTE (VENTE_ID, DATE_VENTE, EMPLOYE_ID, FACTURE_ID) VALUES (3, '2024-05-03', 3, 3);
INSERT INTO VENTE (VENTE_ID, DATE_VENTE, EMPLOYE_ID, FACTURE_ID) VALUES (4, '2024-05-04', 4, 4);
INSERT INTO VENTE (VENTE_ID, DATE_VENTE, EMPLOYE_ID, FACTURE_ID) VALUES (5, '2024-05-05', 5, 5);

//vente_realises//
INSERT INTO VENTES_REALISES (EMPLOYE_ID, VENTE_ID, FACTURE_DEMANDE) VALUES (1, 1, true);
INSERT INTO VENTES_REALISES (EMPLOYE_ID, VENTE_ID, FACTURE_DEMANDE) VALUES (2, 2, false);
INSERT INTO VENTES_REALISES (EMPLOYE_ID, VENTE_ID, FACTURE_DEMANDE) VALUES (3, 3, true);
INSERT INTO VENTES_REALISES (EMPLOYE_ID, VENTE_ID, FACTURE_DEMANDE) VALUES (4, 4, false);
INSERT INTO VENTES_REALISES (EMPLOYE_ID, VENTE_ID, FACTURE_DEMANDE) VALUES (5, 5, true);

